章节,章节名称,单词,音标(美式音标),词性,中文意思
Lesson 1,Excuse me! 对不起！,excuse,/ɪkˈskjuːz/,v.,原谅
,,me,/miː/,pron.,我(宾格)
,,yes,/jes/,adv.,是的
,,is,/ɪz/,v.,be动词现在时第三人称单数
,,this,/ðɪs/,pron.,这
,,your,/jɔːr/,possessive adjective,你的，你们的
,,handbag,/ˈhændbæɡ/,n.,(女用)手提包
,,pardon,/ˈpɑːrdn/,int.,原谅，请再说一遍
,,it,/ɪt/,pron.,它
,,thank you,/θæŋk juː/,phrase,感谢你(们)
,,very much,/ˈveri mʌtʃ/,phrase,非常地
Lesson 2,Is this your...? 这是你的吗？,pen,/pen/,n.,钢笔
,,pencil,/ˈpensl/,n.,铅笔
,,book,/bʊk/,n.,书
,,watch,/wɑːtʃ/,n.,手表
,,coat,/koʊt/,n.,上衣，外衣
,,dress,/dres/,n.,连衣裙
,,skirt,/ˈskɜːrt/,n.,裙子
,,shirt,/ˈʃɜːrt/,n.,衬衣
,,car,/kɑːr/,n.,小汽车
,,house,/haʊs/,n.,房子
Lesson 3,Sorry, sir. 对不起，先生,umbrella,/ʌmˈbrelə/,n.,伞
,,please,/pliːz/,int.,请
,,here,/hɪr/,adv.,这里
,,my,/maɪ/,possessive adjective,我的
,,ticket,/ˈtɪkɪt/,n.,票
,,number,/ˈnʌmbər/,n.,号码
,,five,/faɪv/,num.,五
,,sorry,/ˈsɔːri/,adj.,对不起的
,,sir,/ˈsɜːr/,n.,先生
,,cloakroom,/ˈkloʊkruːm/,n.,衣帽存放处
Lesson 4,Is this your...? 这是你的吗？,suit,/suːt/,n.,一套衣服
,,school,/skuːl/,n.,学校
,,teacher,/ˈtiːtʃər/,n.,老师
,,son,/sʌn/,n.,儿子
,,daughter,/ˈdɔːtər/,n.,女儿
Lesson 5,Nice to meet you. 很高兴见到你,Mr.,/ˈmɪstər/,n.,先生
,,good,/ɡʊd/,adj.,好
,,morning,/ˈmɔːrnɪŋ/,n.,早晨
,,Miss,/mɪs/,n.,小姐
,,new,/nuː/,adj.,新的
,,student,/ˈstuːdnt/,n.,学生
,,French,/frentʃ/,adj.&n.,法国的；法国人
,,German,/ˈdʒɜːrmən/,adj.&n.,德国的；德国人
,,nice,/naɪs/,adj.,美好的
,,meet,/miːt/,v.,遇见
,,Japanese,/ˌdʒæpəˈniːz/,adj.&n.,日本的；日本人
,,Korean,/kəˈriən/,adj.&n.,韩国的；韩国人
,,Chinese,/ˌtʃaɪˈniːz/,adj.&n.,中国的；中国人
,,too,/tuː/,adv.,也
Lesson 6,What make is it? 它是什么牌子的？,make,/meɪk/,n.,(产品的)牌子
,,Swedish,/ˈswiːdɪʃ/,adj.&n.,瑞典的；瑞典人
,,English,/ˈɪŋɡlɪʃ/,adj.&n.,英国的；英国人
,,American,/əˈmerɪkən/,adj.&n.,美国的；美国人
,,Italian,/ɪˈtæliən/,adj.&n.,意大利的；意大利人
,,Volvo,/ˈvoʊlvoʊ/,n.,沃尔沃
,,Peugeot,/ˈpɜːʒoʊ/,n.,标致
,,Mercedes,/mɜːrˈseɪdɪz/,n.,梅赛德斯
,,Toyota,/toʊˈjoʊtə/,n.,丰田
,,Daewoo,/ˈdeɪwuː/,n.,大宇
,,Mini,/ˈmɪni/,n.,迷你
,,Ford,/fɔːrd/,n.,福特
,,Fiat,/ˈfiːæt/,n.,菲亚特
Lesson 7,Are you a teacher? 你是教师吗？,I,/aɪ/,pron.,我
,,am,/æm/,v.,be动词现在时第一人称单数
,,are,/ɑːr/,v.,be动词现在时复数
,,name,/neɪm/,n.,名字
,,what,/wɑːt/,pron.,什么
,,nationality,/ˌnæʃəˈnæləti/,n.,国籍
,,job,/dʒɑːb/,n.,工作
,,keyboard,/ˈkiːbɔːrd/,n.,键盘
,,operator,/ˈɑːpəreɪtər/,n.,操作人员
,,engineer,/ˌendʒɪˈnɪr/,n.,工程师
Lesson 8,What's your job? 你是做什么工作的？,policeman,/pəˈliːsmən/,n.,警察
,,policewoman,/pəˈliːswʊmən/,n.,女警察
,,taxi driver,/ˈtæksi ˈdraɪvər/,n.,出租车司机
,,air hostess,/ˈer hoʊstəs/,n.,空中小姐
,,postman,/ˈpoʊstmən/,n.,邮递员
,,nurse,/ˈnɜːrs/,n.,护士
,,mechanic,/məˈkænɪk/,n.,机械师
,,housewife,/ˈhaʊswaɪf/,n.,家庭妇女
,,hairdresser,/ˈherdresər/,n.,理发师
,,milkman,/ˈmɪlkmən/,n.,送牛奶的人
Lesson 9,How are you today? 你今天好吗？,hello,/həˈloʊ/,int.,喂(表示问候)
,,hi,/haɪ/,int.,喂，嗨
,,how,/haʊ/,adv.,怎样
,,today,/təˈdeɪ/,adv.,今天
,,well,/wel/,adj.,身体好
,,fine,/faɪn/,adj.,美好的
,,thanks,/θæŋks/,int.,谢谢
,,goodbye,/ˌɡʊdˈbaɪ/,int.,再见
,,see,/siː/,v.,见
Lesson 10,Look at... 看……,fat,/fæt/,adj.,胖的
,,woman,/ˈwʊmən/,n.,女人
,,thin,/θɪn/,adj.,瘦的
,,tall,/tɔːl/,adj.,高的
,,short,/ʃɔːrt/,adj.,矮的
,,dirty,/ˈdɜːrti/,adj.,脏的
,,clean,/kliːn/,adj.,干净的
,,hot,/hɑːt/,adj.,热的
,,cold,/koʊld/,adj.,冷的
,,old,/oʊld/,adj.,老的
,,young,/jʌŋ/,adj.,年轻的
,,busy,/ˈbɪzi/,adj.,忙的
,,lazy,/ˈleɪzi/,adj.,懒的
Lesson 11,Is this your shirt? 这是你的衬衫吗？,whose,/huːz/,pron.,谁的
,,blue,/bluː/,adj.,蓝色的
,,perhaps,/pərˈhæps/,adv.,大概
,,white,/waɪt/,adj.,白色的
,,catch,/kætʃ/,v.,抓住
Lesson 12,Whose is this...? 这……是谁的？,father,/ˈfɑːðər/,n.,父亲
,,mother,/ˈmʌðər/,n.,母亲
,,blouse,/blaʊz/,n.,女衬衫
,,sister,/ˈsɪstər/,n.,姐，妹
,,tie,/taɪ/,n.,领带
,,brother,/ˈbrʌðər/,n.,兄，弟
,,his,/hɪz/,possessive adjective,他的
,,her,/hɜːr/,possessive adjective,她的
Lesson 13,A new dress 一件新连衣裙,colour,/ˈkʌlər/,n.,颜色
,,green,/ɡriːn/,adj.,绿色
,,come,/kʌm/,v.,来
,,upstairs,/ˌʌpˈsterz/,adv.,楼上
,,smart,/smɑːrt/,adj.,时髦的，巧妙的
,,hat,/hæt/,n.,帽子
,,same,/seɪm/,adj.,相同的
,,lovely,/ˈlʌvli/,adj.,可爱的，秀丽的
Lesson 14,What colour is your...? 你的……是什么颜色的？,case,/keɪs/,n.,箱子
,,carpet,/ˈkɑːrpɪt/,n.,地毯
,,dog,/dɔːɡ/,n.,狗
Lesson 15,Your passports, please. 请出示你们的护照,customs,/ˈkʌstəmz/,n.,海关
,,officer,/ˈɔːfɪsər/,n.,官员
,,girl,/ɡɜːrl/,n.,女孩，姑娘
,,Danish,/ˈdeɪnɪʃ/,adj.&n.,丹麦的；丹麦人
,,friend,/frend/,n.,朋友
,,Norwegian,/nɔːrˈwiːdʒən/,adj.&n.,挪威的；挪威人
,,passport,/ˈpæspɔːrt/,n.,护照
,,brown,/braʊn/,adj.,棕色的
,,tourist,/ˈtʊrɪst/,n.,旅游者
Lesson 16,Are you...? 你们是……吗？,Russian,/ˈrʌʃn/,adj.&n.,俄罗斯的；俄罗斯人
,,Dutch,/dʌtʃ/,adj.&n.,荷兰的；荷兰人
,,these,/ðiːz/,pron.,这些(this的复数)
,,red,/red/,adj.,红色的
,,grey,/ɡreɪ/,adj.,灰色的
,,yellow,/ˈjeloʊ/,adj.,黄色的
,,black,/blæk/,adj.,黑色的
,,orange,/ˈɔːrɪndʒ/,adj.,橘黄色的
Lesson 17,How do you do? 你好！,employee,/ɪmˈplɔɪiː/,n.,雇员
,,hard-working,/ˌhɑːrd ˈwɜːrkɪŋ/,adj.,勤奋的
,,sales reps,/ˈseɪlz reps/,n.,推销员
,,man,/mæn/,n.,男人
,,office,/ˈɔːfɪs/,n.,办公室
,,assistant,/əˈsɪstənt/,n.,助手
Lesson 18,What are their jobs? 他们是做什么工作的？,matter,/ˈmætər/,n.,事情
,,children,/ˈtʃɪldrən/,n.,孩子们(child的复数)
,,tired,/ˈtaɪərd/,adj.,累，疲乏
,,boy,/bɔɪ/,n.,男孩
,,thirsty,/ˈθɜːrsti/,adj.,渴
,,sit down,/ˈsɪt daʊn/,phrase,坐下
,,right,/raɪt/,adj.,好，可以
,,ice cream,/ˈaɪs kriːm/,n.,冰淇淋
Lesson 19,Tired and thirsty 又累又渴,big,/bɪɡ/,adj.,大的
,,small,/smɔːl/,adj.,小的
,,open,/ˈoʊpən/,adj.,开着的
,,shut,/ʃʌt/,adj.,关着的
,,light,/laɪt/,adj.,轻的
,,heavy,/ˈhevi/,adj.,重的
,,long,/lɔːŋ/,adj.,长的
,,shoe,/ʃuː/,n.,鞋子
,,grandfather,/ˈɡrænfɑːðər/,n.,祖父，外祖父
,,grandmother,/ˈɡrænmʌðər/,n.,祖母，外祖母
Lesson 20,Look at them! 看看他们！,give,/ɡɪv/,v.,给
,,one,/wʌn/,pron.,一个
,,which,/wɪtʃ/,pron.,哪一个
Lesson 21,Which book? 哪一本书？,empty,/ˈempti/,adj.,空的
,,full,/fʊl/,adj.,满的
,,large,/lɑːrdʒ/,adj.,大的
,,little,/ˈlɪtl/,adj.,小的
,,sharp,/ʃɑːrp/,adj.,尖的，锋利的
,,blunt,/blʌnt/,adj.,钝的
,,box,/bɑːks/,n.,盒子，箱子
,,glass,/ɡlæs/,n.,杯子
,,cup,/kʌp/,n.,茶杯
,,bottle,/ˈbɑːtl/,n.,瓶子
,,tin,/tɪn/,n.,罐头
,,knife,/naɪf/,n.,刀子
,,fork,/fɔːrk/,n.,叉子
Lesson 22,Give me/him/her/us/them a... 给我/他/她/我们/他们一……,on,/ɑːn/,prep.,在……之上
,,shelf,/ʃelf/,n.,架子，搁板
Lesson 23,Which glasses? 哪几只杯子？,desk,/desk/,n.,课桌
,,table,/ˈteɪbl/,n.,桌子
,,plate,/pleɪt/,n.,盘子
,,cupboard,/ˈkʌbərd/,n.,食橱
,,cigarette,/ˌsɪɡəˈret/,n.,香烟
,,television,/ˈtelɪvɪʒn/,n.,电视机
,,floor,/flɔːr/,n.,地板
,,dressing table,/ˈdresɪŋ ˈteɪbl/,n.,梳妆台
,,magazine,/ˈmæɡəziːn/,n.,杂志
,,bed,/bed/,n.,床
,,newspaper,/ˈnuːzpeɪpər/,n.,报纸
,,stereo,/ˈsterioʊ/,n.,立体声音响
Lesson 24,Give me/him/her/us/them some... 给我/他/她/我们/他们一些……,Mrs.,/ˈmɪsɪz/,n.,夫人
,,kitchen,/ˈkɪtʃɪn/,n.,厨房
,,refrigerator,/rɪˈfrɪdʒəreɪtər/,n.,电冰箱
,,right,/raɪt/,adv.,在右边
,,electric,/ɪˈlektrɪk/,adj.,带电的，可通电的
,,left,/left/,adv.,在左边
,,cooker,/ˈkʊkər/,n.,炉子，炊具
,,middle,/ˈmɪdl/,n.,中间
,,of,/ʌv/,prep.,(属于)……的
,,room,/ruːm/,n.,房间
Lesson 25,Mrs. Smith's kitchen 史密斯太太的厨房,where,/wer/,adv.,在哪里
,,in,/ɪn/,prep.,在……里
Lesson 26,Where is it? 它在哪里？,living room,/ˈlɪvɪŋ ruːm/,n.,客厅
,,near,/nɪr/,prep.,靠近
,,window,/ˈwɪndoʊ/,n.,窗户
,,armchair,/ˈɑːrmtʃer/,n.,扶手椅
,,door,/dɔːr/,n.,门
,,picture,/ˈpɪktʃər/,n.,图画
,,wall,/wɔːl/,n.,墙
Lesson 27,Mrs. Smith's living room 史密斯太太的客厅,trousers,/ˈtraʊzərz/,n.,(复数)长裤
Lesson 28,Where are they? 它们在哪里？,shut,/ʃʌt/,v.,关门
,,bedroom,/ˈbedruːm/,n.,卧室
,,untidy,/ʌnˈtaɪdi/,adj.,乱，不整齐
,,must,/mʌst/,modal verb,必须，应该
,,open,/ˈoʊpən/,v.,打开
,,air,/er/,v.,使……通风，换换空气
,,put,/pʊt/,v.,放置
,,clothes,/kloʊðz/,n.,衣服
,,wardrobe,/ˈwɔːrdroʊb/,n.,大衣柜
,,dust,/dʌst/,v.,掸掉灰尘
,,sweep,/swiːp/,v.,扫
Lesson 29,Come in, Amy. 进来，艾米,empty,/ˈempti/,v.,倒空，使……变空
,,read,/riːd/,v.,读
,,sharpen,/ˈʃɑːrpən/,v.,削尖，使锋利
,,put on,/ˈpʊt ɑːn/,phrase,穿上
,,take off,/ˈteɪk ɔːf/,phrase,脱掉
,,turn on,/ˈtɜːrn ɑːn/,phrase,开(电灯)
,,turn off,/ˈtɜːrn ɔːf/,phrase,关(电灯)
Lesson 30,What must I do? 我应该做什么？,the,/ðə/,art.,这个，那个
,,garden,/ˈɡɑːrdn/,n.,花园
,,under,/ˈʌndər/,prep.,在……之下
,,tree,/triː/,n.,树
,,climb,/klaɪm/,v.,爬，攀登
,,who,/huː/,pron.,谁
,,run,/rʌn/,v.,跑
,,grass,/ɡræs/,n.,草，草地
,,after,/ˈæftər/,prep.,在……之后
,,cat,/kæt/,n.,猫
Lesson 31,Where's Sally? 萨莉在哪里？,type,/taɪp/,v.,打字
,,letter,/ˈletər/,n.,信
,,basket,/ˈbæskɪt/,n.,篮子
,,eat,/iːt/,v.,吃
,,bone,/boʊn/,n.,骨头
,,clean,/kliːn/,v.,清洗
,,tooth,/tuːθ/,n.,牙齿
,,cook,/kʊk/,v.,做(饭菜)
,,milk,/mɪlk/,v.,挤奶
,,meal,/miːl/,n.,饭，一顿饭
,,drink,/drɪŋk/,v.,喝
,,tap,/tæp/,n.,(水)龙头
Lesson 32,What's he/she/it doing? 他/她/它正在做什么？,day,/deɪ/,n.,日子
,,cloud,/klaʊd/,n.,云
,,sky,/skaɪ/,n.,天空
,,sun,/sʌn/,n.,太阳
,,shine,/ʃaɪn/,v.,照耀
,,with,/wɪð/,prep.,和……在一起
,,family,/ˈfæməli/,n.,家庭(成员)
,,walk,/wɔːk/,v.,走路，步行
,,over,/ˈoʊvər/,prep.,跨越，在……之上
,,bridge,/brɪdʒ/,n.,桥
,,boat,/boʊt/,n.,船
,,river,/ˈrɪvər/,n.,河
,,ship,/ʃɪp/,n.,轮船
,,aeroplane,/ˈerəpleɪn/,n.,飞机
,,fly,/flaɪ/,v.,飞
Lesson 33,A fine day 晴天,sleep,/sliːp/,v.,睡觉
,,shave,/ʃeɪv/,v.,刮脸
,,cry,/kraɪ/,v.,哭，喊
,,wash,/wɑːʃ/,v.,洗
,,wait,/weɪt/,v.,等
,,jump,/dʒʌmp/,v.,跳
Lesson 34,What are they doing? 他们在做什么？,photograph,/ˈfoʊtəɡræf/,n.,照片
,,village,/ˈvɪlɪdʒ/,n.,村庄
,,valley,/ˈvæli/,n.,山谷
,,between,/bɪˈtwiːn/,prep.,在……之间
,,hill,/hɪl/,n.,小山
,,another,/əˈnʌðər/,det.,另一个
,,wife,/waɪf/,n.,妻子
,,along,/əˈlɔːŋ/,prep.,沿着
,,bank,/bæŋk/,n.,河岸
,,water,/ˈwɔːtər/,n.,水
,,swim,/swɪm/,v.,游泳
,,building,/ˈbɪldɪŋ/,n.,大楼，建筑物
,,park,/pɑːrk/,n.,公园
,,into,/ˈɪntuː/,prep.,进入
Lesson 35,Our village 我们的村庄,beside,/bɪˈsaɪd/,prep.,在……旁
,,off,/ɔːf/,prep.,离开
,,work,/wɜːrk/,v.,工作
,,hard,/hɑːrd/,adv.,努力地
,,make,/meɪk/,v.,做
,,bookcase,/ˈbʊkkeɪs/,n.,书橱，书架
,,hammer,/ˈhæmər/,n.,锤子
,,paint,/peɪnt/,v.,上漆，涂
,,pink,/pɪŋk/,n.&adj.,粉红色
,,favourite,/ˈfeɪvərɪt/,adj.,最喜欢的
Lesson 36,Where...? ……在哪里？,homework,/ˈhoʊmwɜːrk/,n.,作业
,,listen,/ˈlɪsn/,v.,听
,,dish,/dɪʃ/,n.,盘子，碟子
Lesson 37,Making a bookcase 做书架,front,/frʌnt/,n.,前面
,,in front of,/ɪn frʌnt əv/,phrase,在……之前
,,careful,/ˈkerfl/,adj.,小心的，仔细的
,,vase,/veɪz/,n.,花瓶
,,drop,/drɑːp/,v.,掉下
,,flower,/ˈflaʊər/,n.,花
Lesson 38,What are you going to do? 你准备做什么？,show,/ʃoʊ/,v.,给……看
,,send,/send/,v.,送给
,,take,/teɪk/,v.,带给
Lesson 39,Don't drop it! 别摔了！,cheese,/tʃiːz/,n.,乳酪，干酪
,,bread,/bred/,n.,面包
,,soap,/soʊp/,n.,肥皂
,,chocolate,/ˈtʃɑːklət/,n.,巧克力
,,sugar,/ˈʃʊɡər/,n.,糖
,,coffee,/ˈkɔːfi/,n.,咖啡
,,tea,/tiː/,n.,茶
,,tobacco,/təˈbækoʊ/,n.,烟草，烟丝
Lesson 40,What are you going to do? 你准备做什么？,bird,/bɜːrd/,n.,鸟
,,any,/ˈeni/,det.,一些
,,some,/sʌm/,det.,一些
,,of course,/əv kɔːrs/,phrase,当然
,,kettle,/ˈketl/,n.,水壶
,,behind,/bɪˈhaɪnd/,prep.,在……后面
,,teapot,/ˈtiːpɑːt/,n.,茶壶
,,now,/naʊ/,adv.,现在，此刻
,,find,/faɪnd/,v.,找到
,,boil,/bɔɪl/,v.,沸腾，开
Lesson 41,Penny's bag 彭妮的提包,can,/kæn/,modal verb,能够
,,boss,/bɔːs/,n.,老板，上司
,,minute,/ˈmɪnɪt/,n.,分(钟)
,,ask,/æsk/,v.,请求，要求
,,handwriting,/ˈhændraɪtɪŋ/,n.,书写
,,terrible,/ˈterəbl/,adj.,糟糕的，可怕的
Lesson 42,Is there a...? 有一个……吗？,lift,/lɪft/,v.,拿起，搬起，举起
,,cake,/keɪk/,n.,饼，蛋糕
,,biscuit,/ˈbɪskɪt/,n.,饼干
Lesson 43,Hurry up! 快点！,like,/laɪk/,v.,喜欢，想要
,,want,/wɑːnt/,v.,想
Lesson 44,Are there any...? 有……吗？,fresh,/freʃ/,adj.,新鲜的
,,egg,/eɡ/,n.,鸡蛋
,,butter,/ˈbʌtər/,n.,黄油
,,pure,/pjʊr/,adj.,纯净的
,,honey,/ˈhʌni/,n.,蜂蜜
,,ripe,/raɪp/,adj.,成熟的
,,jam,/dʒæm/,n.,果酱
,,sweet,/swiːt/,adj.,甜的
,,orange,/ˈɔːrɪndʒ/,n.,橙
,,Scotch whisky,/ˌskɑːtʃ ˈwɪski/,n.,苏格兰威士忌
,,choice,/tʃɔɪs/,adj.,上等的，精选的
,,apple,/ˈæpl/,n.,苹果
,,wine,/waɪn/,n.,酒，果酒
,,beer,/bɪr/,n.,啤酒
,,blackboard,/ˈblækbɔːrd/,n.,黑板
Lesson 45,The boss's letter 老板的信,butcher,/ˈbʊtʃər/,n.,卖肉的
,,meat,/miːt/,n.,(食用)肉
,,beef,/biːf/,n.,牛肉
,,lamb,/læm/,n.,羔羊肉
,,husband,/ˈhʌzbənd/,n.,丈夫
,,steak,/steɪk/,n.,牛排
,,mince,/mɪns/,n.,肉馅，绞肉
,,chicken,/ˈtʃɪkɪn/,n.,鸡
,,tell,/tel/,v.,告诉
,,truth,/truːθ/,n.,实情
,,either,/ˈaɪðər/,adv.,也(用于否定句)
,,tomato,/təˈmeɪtoʊ/,n.,西红柿
,,potato,/pəˈteɪtoʊ/,n.,土豆
,,cabbage,/ˈkæbɪdʒ/,n.,卷心菜
,,lettuce,/ˈletɪs/,n.,莴苣
,,pea,/piː/,n.,豌豆
,,bean,/biːn/,n.,豆角
,,pear,/per/,n.,梨
,,grape,/ɡreɪp/,n.,葡萄
,,peach,/piːtʃ/,n.,桃
Lesson 46,A cup of coffee 一杯咖啡,Greece,/ɡriːs/,n.,希腊
,,climate,/ˈklaɪmət/,n.,气候
,,country,/ˈkʌntri/,n.,国家
,,pleasant,/ˈpleznt/,adj.,宜人的
,,weather,/ˈweðər/,n.,天气
,,spring,/sprɪŋ/,n.,春季
,,windy,/ˈwɪndi/,adj.,有风的
,,warm,/wɔːrm/,adj.,温暖的
,,rain,/reɪn/,v.,下雨
,,sometimes,/ˈsʌmtaɪmz/,adv.,有时
,,summer,/ˈsʌmər/,n.,夏天
,,autumn,/ˈɔːtəm/,n.,秋天
,,winter,/ˈwɪntər/,n.,冬天
,,snow,/snoʊ/,v.,下雪
,,January,/ˈdʒænjueri/,n.,一月
,,February,/ˈfebrueri/,n.,二月
,,March,/mɑːrtʃ/,n.,三月
,,April,/ˈeɪprəl/,n.,四月
,,May,/meɪ/,n.,五月
,,June,/dʒuːn/,n.,六月
,,July,/dʒuˈlaɪ/,n.,七月
,,August,/ˈɔːɡəst/,n.,八月
,,September,/sepˈtembər/,n.,九月
,,October,/ɑːkˈtoʊbər/,n.,十月
,,November,/noʊˈvembər/,n.,十一月
,,December,/dɪˈsembər/,n.,十二月
Lesson 47,A cup of coffee 一杯咖啡,the U.S.,/ðə juː ˈes/,n.,美国
,,Brazil,/brəˈzɪl/,n.,巴西
,,Holland,/ˈhɑːlənd/,n.,荷兰
,,England,/ˈɪŋɡlənd/,n.,英国
,,France,/fræns/,n.,法国
,,Germany,/ˈdʒɜːrməni/,n.,德国
,,Italy,/ˈɪtəli/,n.,意大利
,,Norway,/ˈnɔːrweɪ/,n.,挪威
,,Russia,/ˈrʌʃə/,n.,俄罗斯
,,Spain,/speɪn/,n.,西班牙
,,Sweden,/ˈswiːdn/,n.,瑞典
Lesson 48,Do you like...? 你喜欢……吗？,mild,/maɪld/,adj.,温和的，温暖的
,,always,/ˈɔːlweɪz/,adv.,总是
,,north,/nɔːrθ/,n.,北方
,,east,/iːst/,n.,东方
,,wet,/wet/,adj.,潮湿的
,,west,/west/,n.,西方
,,south,/saʊθ/,n.,南方
,,season,/ˈsiːzn/,n.,季节
,,best,/best/,adv.,最
,,night,/naɪt/,n.,夜晚
,,rise,/raɪz/,v.,升起
,,early,/ˈɜːrli/,adv.,早
,,set,/set/,v.,(太阳)落下去
,,late,/leɪt/,adv.,晚，迟
,,interesting,/ˈɪntrəstɪŋ/,adj.,有趣的，有意思的
,,subject,/ˈsʌbdʒekt/,n.,话题
,,conversation,/ˌkɑːnvərˈseɪʃn/,n.,谈话
Lesson 49,At the butcher's 在肉店,Australia,/ɔːˈstreɪliə/,n.,澳大利亚
,,Australian,/ɔːˈstreɪliən/,adj.&n.,澳大利亚的；澳大利亚人
,,Austria,/ˈɔːstriə/,n.,奥地利
,,Austrian,/ˈɔːstriən/,adj.&n.,奥地利的；奥地利人
,,Canada,/ˈkænədə/,n.,加拿大
,,Canadian,/kəˈneɪdiən/,adj.&n.,加拿大的；加拿大人
,,China,/ˈtʃaɪnə/,n.,中国
,,Finland,/ˈfɪnlənd/,n.,芬兰
,,Finnish,/ˈfɪnɪʃ/,adj.&n.,芬兰的；芬兰人
,,India,/ˈɪndiə/,n.,印度
,,Indian,/ˈɪndiən/,adj.&n.,印度的；印度人
,,Japan,/dʒəˈpæn/,n.,日本
,,Nigeria,/naɪˈdʒɪriə/,n.,尼日利亚
,,Nigerian,/naɪˈdʒɪriən/,adj.&n.,尼日利亚的；尼日利亚人
,,Turkey,/ˈtɜːrki/,n.,土耳其
,,Turkish,/ˈtɜːrkɪʃ/,adj.&n.,土耳其的；土耳其人
,,Korea,/kəˈriə/,n.,韩国
,,Polish,/ˈpoʊlɪʃ/,adj.&n.,波兰的；波兰人
,,Poland,/ˈpoʊlənd/,n.,波兰
,,Thai,/taɪ/,adj.&n.,泰国的；泰国人
,,Thailand,/ˈtaɪlænd/,n.,泰国
Lesson 50,He likes... 他喜欢……,live,/lɪv/,v.,住，生活
,,stay,/steɪ/,v.,呆在，停留
,,home,/hoʊm/,n.,家；adv.,在家
,,housework,/ˈhaʊswɜːrk/,n.,家务
,,lunch,/lʌntʃ/,n.,午饭
,,afternoon,/ˌæftərˈnuːn/,n.,下午
,,usually,/ˈjuːʒuəli/,adv.,通常
,,together,/təˈɡeðər/,adv.,一起
,,evening,/ˈiːvnɪŋ/,n.,晚上
,,arrive,/əˈraɪv/,v.,到达
,,night,/naɪt/,n.,夜间
Lesson 51,A pleasant climate 宜人的气候,o'clock,/əˈklɑːk/,adv.,点钟
,,shop,/ʃɑːp/,n.,商店
,,moment,/ˈmoʊmənt/,n.,片刻，瞬间
Lesson 52,What nationality are they? 他们是哪国人？,envelope,/ˈenvəloʊp/,n.,信封
,,writing paper,/ˈraɪtɪŋ ˈpeɪpər/,n.,信纸
,,shop assistant,/ˈʃɑːp əˈsɪstənt/,n.,售货员
,,size,/saɪz/,n.,尺寸，尺码，大小
,,pad,/pæd/,n.,信笺簿
,,glue,/ɡluː/,n.,胶水
,,chalk,/tʃɔːk/,n.,粉笔
,,change,/tʃeɪndʒ/,n.,零钱，找给的钱
Lesson 53,An interesting climate 有趣的气候,feel,/fiːl/,v.,感觉
,,look,/lʊk/,v.,看(起来)
,,must,/mʌst/,modal verb,必须
,,call,/kɔːl/,v.,叫，请
,,doctor,/ˈdɑːktər/,n.,医生
,,telephone,/ˈtelɪfoʊn/,n.,电话
,,remember,/rɪˈmembər/,v.,记得，记住
,,mouth,/maʊθ/,n.,嘴
,,tongue,/tʌŋ/,n.,舌头
,,bad,/bæd/,adj.,坏的，严重的
,,cold,/koʊld/,n.,感冒
,,news,/nuːz/,n.,消息
,,headache,/ˈhedeɪk/,n.,头痛
,,aspirin,/ˈæsprɪn/,n.,阿斯匹林
,,earache,/ˈɪreɪk/,n.,耳痛
,,toothache,/ˈtuːθeɪk/,n.,牙痛
,,dentist,/ˈdentɪst/,n.,牙医
,,stomach ache,/ˈstʌmək eɪk/,n.,胃痛
,,medicine,/ˈmedsn/,n.,药
,,temperature,/ˈtemprətʃər/,n.,温度
,,flu,/fluː/,n.,流行性感冒
,,measles,/ˈmiːzlz/,n.,麻疹
,,mumps,/mʌmps/,n.,腮腺炎
Lesson 54,What nationality are they? 他们是哪国人？,better,/ˈbetər/,adj.,形容词well的比较级
,,certainly,/ˈsɜːrtnli/,adv.,当然
,,get up,/ˈɡet ʌp/,phrase,起床
,,yet,/jet/,adv.,还，仍
,,rich,/rɪtʃ/,adj.,油腻的
,,food,/fuːd/,n.,食物
,,remain,/rɪˈmeɪn/,v.,保持，继续
,,play,/pleɪ/,v.,玩
,,match,/mætʃ/,n.,火柴
,,talk,/tɔːk/,v.,谈话
,,library,/ˈlaɪbreri/,n.,图书馆
,,drive,/draɪv/,v.,开车
,,so,/soʊ/,adv.,如此地
,,quickly,/ˈkwɪkli/,adv.,快地
,,lean out of,/liːn aʊt əv/,phrase,身体探出
,,break,/breɪk/,v.,打破
,,noise,/nɔɪz/,n.,喧闹声
Lesson 55,The Sawyer family 索耶一家人,key,/kiː/,n.,钥匙
,,baby,/ˈbeɪbi/,n.,婴儿
,,hear,/hɪr/,v.,听见
,,enjoy,/ɪnˈdʒɔɪ/,v.,玩得快活
,,yourself,/jɔːrˈself/,pron.,你自己
,,ourselves,/aʊərˈselvz/,pron.,我们自己
,,myself,/maɪˈself/,pron.,我自己
,,themselves,/ðəmˈselvz/,pron.,他们自己
,,himself,/hɪmˈself/,pron.,他自己
,,herself,/hɜːrˈself/,pron.,她自己
Lesson 56,What do they usually do? 他们通常做什么？,green,/ɡriːn/,adj.,绿色
,,come,/kʌm/,v.,来
,,upstairs,/ˌʌpˈsterz/,adv.,楼上
,,smart,/smɑːrt/,adj.,时髦的，巧妙的
,,hat,/hæt/,n.,帽子
,,same,/seɪm/,adj.,相同的
,,lovely,/ˈlʌvli/,adj.,可爱的，秀丽的
Lesson 57,An unusual day 很不平常的一天,keep,/kiːp/,v.,使得，保持
,,spend,/spend/,v.,度过
,,weekend,/ˌwiːkˈend/,n.,周末
,,Friday,/ˈfraɪdeɪ/,n.,星期五
,,Saturday,/ˈsætərdeɪ/,n.,星期六
,,Sunday,/ˈsʌndeɪ/,n.,星期日
,,country,/ˈkʌntri/,n.,乡村
,,lucky,/ˈlʌki/,adj.,幸运的
,,church,/tʃɜːrtʃ/,n.,教堂
,,dairy,/ˈderi/,n.,乳品店
,,baker,/ˈbeɪkər/,n.,面包师傅
,,grocer,/ˈɡroʊsər/,n.,食品杂货商
Lesson 58,What's the time? 几点了？,absent,/ˈæbsənt/,adj.,缺席的
,,Monday,/ˈmʌndeɪ/,n.,星期一
,,Tuesday,/ˈtuːzdeɪ/,n.,星期二
,,Wednesday,/ˈwenzdeɪ/,n.,星期三
,,Thursday,/ˈθɜːrzdeɪ/,n.,星期四
Lesson 59,Is that all? 就这些吗？,awful,/ˈɔːfl/,adj.,让人讨厌的，坏的
,,telephone,/ˈtelɪfoʊn/,v.&n.,打电话
,,time,/taɪm/,n.,次(数)
,,answer,/ˈænsər/,v.,接(电话)
,,last,/læst/,adj.,最后的，前一次的
,,phone,/foʊn/,n.,电话(=telephone)
,,again,/əˈɡen/,adv.,又一次地
,,say,/seɪ/,v.,说
Lesson 60,What's the time? 几点了？,walk,/wɔːk/,v.,走路，步行
,,over,/ˈoʊvər/,prep.,跨越，在……之上
,,bridge,/brɪdʒ/,n.,桥
,,boat,/boʊt/,n.,船
,,river,/ˈrɪvər/,n.,河
,,ship,/ʃɪp/,n.,轮船
,,aeroplane,/ˈerəpleɪn/,n.,飞机
,,fly,/flaɪ/,v.,飞
Lesson 61,A bad cold 重感冒,go,/ɡoʊ/,v.,去
,,leave,/liːv/,v.,离开
,,early,/ˈɜːrli/,adv.,早
,,home,/hoʊm/,adv.,到家
,,arrive,/əˈraɪv/,v.,到达
,,late,/leɪt/,adv.,晚
,,night,/naɪt/,n.,夜间
Lesson 62,What's the matter with them? 他们怎么啦？,stay,/steɪ/,v.,停留，呆
,,at home,/æt hoʊm/,phrase,在家
,,television,/ˈtelɪvɪʒn/,n.,电视
,,watch,/wɑːtʃ/,v.,看
,,cigarette,/ˌsɪɡəˈret/,n.,香烟
,,smoke,/smoʊk/,v.,抽烟
,,match,/mætʃ/,n.,火柴
,,talk,/tɔːk/,v.,谈话
,,bed,/bed/,n.,床
,,lie,/laɪ/,v.,躺
,,listen,/ˈlɪsn/,v.,听
,,music,/ˈmjuːzɪk/,n.,音乐
Lesson 63,Thank you, doctor. 谢谢你，医生,Tom,/tɑːm/,n.,汤姆
,,already,/ɔːlˈredi/,adv.,已经
,,just,/dʒʌst/,adv.,刚刚
,,banana,/bəˈnænə/,n.,香蕉
,,pear,/per/,n.,梨
,,grape,/ɡreɪp/,n.,葡萄
,,peach,/piːtʃ/,n.,桃
,,apple,/ˈæpl/,n.,苹果
,,orange,/ˈɔːrɪndʒ/,n.,橙
,,strawberry,/ˈstrɔːberi/,n.,草莓
,,lemon,/ˈlemən/,n.,柠檬
Lesson 64,Don't...! 不要……！,pack,/pæk/,v.,打包，装箱
,,suitcase,/ˈsuːtkeɪs/,n.,手提箱
,,leave,/liːv/,v.,离开
,,Jim,/dʒɪm/,n.,吉姆
,,Paris,/ˈpærɪs/,n.,巴黎
,,cinema,/ˈsɪnəmə/,n.,电影院
,,film,/fɪlm/,n.,电影
,,beautiful,/ˈbjuːtɪfl/,adj.,漂亮的
,,city,/ˈsɪti/,n.,城市
,,never,/ˈnevər/,adv.,从来没有
,,ever,/ˈevər/,adv.,在任何时候
Lesson 65,Not a baby 不是小孩子,have,/hæv/,v.,吃，喝，度过
,,have been,/hæv bɪn/,phrase,去过
,,holiday,/ˈhɑːlədeɪ/,n.,假日
Lesson 66,What's the time? 几点了？,the U.S.,/ðə juː ˈes/,n.,美国
,,Brazil,/brəˈzɪl/,n.,巴西
,,Holland,/ˈhɑːlənd/,n.,荷兰
,,England,/ˈɪŋɡlənd/,n.,英国
,,France,/fræns/,n.,法国
,,Germany,/ˈdʒɜːrməni/,n.,德国
,,Italy,/ˈɪtəli/,n.,意大利
,,Norway,/ˈnɔːrweɪ/,n.,挪威
,,Russia,/ˈrʌʃə/,n.,俄罗斯
,,Spain,/speɪn/,n.,西班牙
,,Sweden,/ˈswiːdn/,n.,瑞典
Lesson 67,The weekend 周末,crash,/kræʃ/,n.,碰撞
,,repair,/rɪˈper/,v.,修理
,,try,/traɪ/,v.,努力，设法
,,John,/dʒɑːn/,n.,约翰
,,garage,/ɡəˈrɑːʒ/,n.,车库，汽车修理厂
,,attendant,/əˈtendənt/,n.,接待员
,,bring,/brɪŋ/,v.,带来，送来
Lesson 68,What's the time? 几点了？,lamp-post,/ˈlæmp poʊst/,n.,路灯杆
Lesson 69,The car crash 车祸,because,/bɪˈkɔːz/,conj.,因为
,,retire,/rɪˈtaɪər/,v.,退休
,,work,/wɜːrk/,v.,工作
,,still,/stɪl/,adv.,还，仍旧
,,employ,/ɪmˈplɔɪ/,v.,雇佣
,,retired,/rɪˈtaɪərd/,adj.,退休的
,,company,/ˈkʌmpəni/,n.,公司
,,airline,/ˈerlaɪn/,n.,航空公司
,,pilot,/ˈpaɪlət/,n.,飞行员
,,return,/rɪˈtɜːrn/,v.,返回
,,fly,/flaɪ/,v.,飞行
,,New York,/nuː jɔːrk/,n.,纽约
,,Tokyo,/ˈtoʊkjoʊ/,n.,东京
,,Madrid,/məˈdrɪd/,n.,马德里
Lesson 70,When were you there? 你是什么时候在那儿的？,Athens,/ˈæθənz/,n.,雅典
,,Berlin,/bɜːrˈlɪn/,n.,柏林
,,Bombay,/bɑːmˈbeɪ/,n.,孟买
,,Geneva,/dʒəˈniːvə/,n.,日内瓦
,,Moscow,/ˈmɑːskoʊ/,n.,莫斯科
,,Rome,/roʊm/,n.,罗马
,,Seoul,/soʊl/,n.,首尔
,,Stockholm,/ˈstɑːkhoʊm/,n.,斯德哥尔摩
,,Sydney,/ˈsɪdni/,n.,悉尼
,,next,/nekst/,adj.,下一个
,,week,/wiːk/,n.,周
Lesson 71,He's awful! 他讨厌透了！,lucky,/ˈlʌki/,adj.,幸运的
,,station,/ˈsteɪʃn/,n.,车站
,,porter,/ˈpɔːrtər/,n.,搬运工
,,several,/ˈsevrəl/,adj.,几个
,,yacht,/jɑːt/,n.,快艇
,,harbour,/ˈhɑːrbər/,n.,港口
,,London,/ˈlʌndən/,n.,伦敦
,,return,/rɪˈtɜːrn/,n.,往返
,,train,/treɪn/,n.,火车
,,platform,/ˈplætfɔːrm/,n.,站台
,,plenty,/ˈplenti/,n.,大量
,,bar,/bɑːr/,n.,酒吧
Lesson 72,When did you...? 你什么时候……？,catch,/kætʃ/,v.,赶上
,,miss,/mɪs/,v.,错过
,,leave,/liːv/,v.,离开
,,describe,/dɪˈskraɪb/,v.,描述
,,zip,/zɪp/,n.,拉链
,,label,/ˈleɪbl/,n.,标签
,,handle,/ˈhændl/,n.,提手，把手
,,address,/əˈdres/,n.,地址
,,pence,/pens/,n.,便士(penny的复数)
,,belong,/bɪˈlɔːŋ/,v.,属于
Lesson 73,The way to King Street 到国王街的走法,ago,/əˈɡoʊ/,adv.,以前
,,buy,/baɪ/,v.,买
Lesson 74,What did they do? 他们干了什么？,pair,/per/,n.,双，对
,,fashion,/ˈfæʃn/,n.,(服装的)流行式样
,,uncomfortable,/ʌnˈkʌmftəbl/,adj.,不舒服的
,,wear,/wer/,v.,穿着
Lesson 75,Uncomfortable shoes 不舒适的鞋子,appointment,/əˈpɔɪntmənt/,n.,约会，预约
,,urgent,/ˈɜːrdʒənt/,adj.,紧急的，急迫的
,,till,/tɪl/,prep.,直到……为止
Lesson 76,When did you...? 你什么时候……？,ago,/əˈɡoʊ/,adv.,以前
,,buy,/baɪ/,v.,买
Lesson 77,Terrible toothache 要命的牙痛,shopping,/ˈʃɑːpɪŋ/,n.,购物
,,list,/lɪst/,n.,单子
,,vegetable,/ˈvedʒtəbl/,n.,蔬菜
,,need,/niːd/,v.,需要
,,hope,/hoʊp/,v.,希望
,,thing,/θɪŋ/,n.,事情
,,money,/ˈmʌni/,n.,钱
Lesson 78,When did you...? 你什么时候……？,need,/niːd/,v.,需要
,,hope,/hoʊp/,v.,希望
,,thing,/θɪŋ/,n.,事情
,,money,/ˈmʌni/,n.,钱
Lesson 79,Carol's shopping list 卡罗尔的购物单,bath,/bɑːθ/,n.,洗澡
,,nearly,/ˈnɪrli/,adv.,几乎，将近
,,ready,/ˈredi/,adj.,准备好的，完好的
,,dinner,/ˈdɪnər/,n.,正餐，晚餐
,,restaurant,/ˈrestərɑːnt/,n.,饭馆，餐馆
,,roast,/roʊst/,adj.,烤的
,,breakfast,/ˈbrekfəst/,n.,早饭
,,haircut,/ˈherkʌt/,n.,理发
,,party,/ˈpɑːrti/,n.,聚会
,,holiday,/ˈhɑːlədeɪ/,n.,假日
Lesson 80,I must go to the... 我必须去……,bath,/bɑːθ/,n.,洗澡
,,nearly,/ˈnɪrli/,adv.,几乎，将近
,,ready,/ˈredi/,adj.,准备好的，完好的
,,dinner,/ˈdɪnər/,n.,正餐，晚餐
,,restaurant,/ˈrestərɑːnt/,n.,饭馆，餐馆
,,roast,/roʊst/,adj.,烤的
,,breakfast,/ˈbrekfəst/,n.,早饭
,,haircut,/ˈherkʌt/,n.,理发
,,party,/ˈpɑːrti/,n.,聚会
,,holiday,/ˈhɑːlədeɪ/,n.,假日
Lesson 81,Roast beef and potatoes 烤牛肉和土豆,pack,/pæk/,v.,打包，装箱
,,suitcase,/ˈsuːtkeɪs/,n.,手提箱
,,leave,/liːv/,v.,离开
,,already,/ɔːlˈredi/,adv.,已经
,,just,/dʒʌst/,adv.,刚刚
,,Tom,/tɑːm/,n.,汤姆
,,Paris,/ˈpærɪs/,n.,巴黎
,,cinema,/ˈsɪnəmə/,n.,电影院
,,film,/fɪlm/,n.,电影
,,beautiful,/ˈbjuːtɪfl/,adj.,漂亮的
Lesson 82,I had... 我吃(喝、从事)了……,city,/ˈsɪti/,n.,城市
,,never,/ˈnevər/,adv.,从来没有
,,ever,/ˈevər/,adv.,在任何时候
,,have,/hæv/,v.,吃，喝，度过
,,have been,/hæv bɪn/,phrase,去过
,,holiday,/ˈhɑːlədeɪ/,n.,假日
Lesson 83,Going on holiday 度假,crash,/kræʃ/,n.,碰撞
,,repair,/rɪˈper/,v.,修理
,,try,/traɪ/,v.,努力，设法
,,John,/dʒɑːn/,n.,约翰
,,garage,/ɡəˈrɑːʒ/,n.,车库，汽车修理厂
,,attendant,/əˈtendənt/,n.,接待员
,,bring,/brɪŋ/,v.,带来，送来
Lesson 84,Have you had...? 你已经……了吗？,lamp-post,/ˈlæmp poʊst/,n.,路灯杆
Lesson 85,Paris in the spring 巴黎之春,because,/bɪˈkɔːz/,conj.,因为
,,retire,/rɪˈtaɪər/,v.,退休
,,work,/wɜːrk/,v.,工作
,,still,/stɪl/,adv.,还，仍旧
,,employ,/ɪmˈplɔɪ/,v.,雇佣
,,retired,/rɪˈtaɪərd/,adj.,退休的
,,company,/ˈkʌmpəni/,n.,公司
,,airline,/ˈerlaɪn/,n.,航空公司
,,pilot,/ˈpaɪlət/,n.,飞行员
,,return,/rɪˈtɜːrn/,v.,返回
Lesson 86,What have you done? 你已经做了什么？,fly,/flaɪ/,v.,飞行
,,New York,/nuː jɔːrk/,n.,纽约
,,Tokyo,/ˈtoʊkjoʊ/,n.,东京
,,Madrid,/məˈdrɪd/,n.,马德里
,,Athens,/ˈæθənz/,n.,雅典
,,Berlin,/bɜːrˈlɪn/,n.,柏林
,,Bombay,/bɑːmˈbeɪ/,n.,孟买
,,Geneva,/dʒəˈniːvə/,n.,日内瓦
,,Moscow,/ˈmɑːskoʊ/,n.,莫斯科
Lesson 87,A car crash 车祸,Rome,/roʊm/,n.,罗马
,,Seoul,/soʊl/,n.,首尔
,,Stockholm,/ˈstɑːkhoʊm/,n.,斯德哥尔摩
,,Sydney,/ˈsɪdni/,n.,悉尼
,,next,/nekst/,adj.,下一个
,,week,/wiːk/,n.,周
,,lucky,/ˈlʌki/,adj.,幸运的
Lesson 88,Have you...yet? 你已经……了吗？,station,/ˈsteɪʃn/,n.,车站
,,porter,/ˈpɔːrtər/,n.,搬运工
,,several,/ˈsevrəl/,adj.,几个
,,yacht,/jɑːt/,n.,快艇
,,harbour,/ˈhɑːrbər/,n.,港口
,,London,/ˈlʌndən/,n.,伦敦
,,return,/rɪˈtɜːrn/,n.,往返
,,train,/treɪn/,n.,火车
,,platform,/ˈplætfɔːrm/,n.,站台
,,plenty,/ˈplenti/,n.,大量
,,bar,/bɑːr/,n.,酒吧
Lesson 89,For sale 待售,catch,/kætʃ/,v.,赶上
,,miss,/mɪs/,v.,错过
,,leave,/liːv/,v.,离开
,,describe,/dɪˈskraɪb/,v.,描述
,,zip,/zɪp/,n.,拉链
,,label,/ˈleɪbl/,n.,标签
,,handle,/ˈhændl/,n.,提手，把手
,,address,/əˈdres/,n.,地址
,,pence,/pens/,n.,便士(penny的复数)
,,belong,/bɪˈlɔːŋ/,v.,属于
Lesson 90,Have you sold...yet? 你已经把……卖了吗？,ago,/əˈɡoʊ/,adv.,以前
,,buy,/baɪ/,v.,买
,,cost,/kɔːst/,v.,花费
,,worth,/wɜːrθ/,prep.,值……钱
,,pound,/paʊnd/,n.,英镑
,,penny,/ˈpeni/,n.,便士
Lesson 91,Poor Ian! 可怜的伊恩！,still,/stɪl/,adv.,还，仍旧
,,move,/muːv/,v.,搬家
,,miss,/mɪs/,v.,想念，思念
,,neighbour,/ˈneɪbər/,n.,邻居
,,person,/ˈpɜːrsn/,n.,人
,,people,/ˈpiːpl/,n.,人们
,,poor,/pʊr/,adj.,可怜的
Lesson 92,When will...? 什么时候要……？,will,/wɪl/,modal verb,将要
,,tomorrow,/təˈmɑːroʊ/,adv.,明天
,,the day after tomorrow,/ðə deɪ ˈæftər təˈmɑːroʊ/,phrase,后天
,,this week,/ðɪs wiːk/,phrase,本周
,,next week,/nekst wiːk/,phrase,下周
,,this month,/ðɪs mʌnθ/,phrase,本月
,,next month,/nekst mʌnθ/,phrase,下月
,,this year,/ðɪs jɪr/,phrase,今年
,,next year,/nekst jɪr/,phrase,明年
Lesson 93,Our new neighbour 我们的新邻居,pilot,/ˈpaɪlət/,n.,飞行员
,,return,/rɪˈtɜːrn/,v.,返回
,,New York,/nuː jɔːrk/,n.,纽约
,,Tokyo,/ˈtoʊkjoʊ/,n.,东京
,,Madrid,/məˈdrɪd/,n.,马德里
,,fly,/flaɪ/,v.,飞行
,,Athens,/ˈæθənz/,n.,雅典
,,Berlin,/bɜːrˈlɪn/,n.,柏林
,,Bombay,/bɑːmˈbeɪ/,n.,孟买
,,Geneva,/dʒəˈniːvə/,n.,日内瓦
Lesson 94,When did you/ will you go to...? 你何时曾去/将去……？,Moscow,/ˈmɑːskoʊ/,n.,莫斯科
,,Rome,/roʊm/,n.,罗马
,,Seoul,/soʊl/,n.,首尔
,,Stockholm,/ˈstɑːkhoʊm/,n.,斯德哥尔摩
,,Sydney,/ˈsɪdni/,n.,悉尼
,,next,/nekst/,adj.,下一个
,,week,/wiːk/,n.,周
Lesson 95,Tickets, please. 请把车票拿出来,return,/rɪˈtɜːrn/,n.,往返
,,train,/treɪn/,n.,火车
,,platform,/ˈplætfɔːrm/,n.,站台
,,plenty,/ˈplenti/,n.,大量
,,bar,/bɑːr/,n.,酒吧
,,station,/ˈsteɪʃn/,n.,车站
,,porter,/ˈpɔːrtər/,n.,搬运工
,,several,/ˈsevrəl/,adj.,几个
,,yacht,/jɑːt/,n.,快艇
,,harbour,/ˈhɑːrbər/,n.,港口
Lesson 96,What's the exact time? 确切的时间是几点？,leave,/liːv/,v.,离开
,,miss,/mɪs/,v.,错过
,,catch,/kætʃ/,v.,赶上
,,wait,/weɪt/,v.,等待
,,late,/leɪt/,adv.,晚
,,early,/ˈɜːrli/,adv.,早
,,exact,/ɪɡˈzækt/,adj.,精确的
Lesson 97,A small blue case 一只蓝色的小箱子,describe,/dɪˈskraɪb/,v.,描述
,,zip,/zɪp/,n.,拉链
,,label,/ˈleɪbl/,n.,标签
,,handle,/ˈhændl/,n.,提手，把手
,,address,/əˈdres/,n.,地址
,,pence,/pens/,n.,便士(penny的复数)
,,belong,/bɪˈlɔːŋ/,v.,属于
Lesson 98,Whose is it? 它是谁的？,whose,/huːz/,pron.,谁的
,,mine,/maɪn/,pron.,我的(东西)
,,yours,/jɔːrz/,pron.,你的，你们的(东西)
,,his,/hɪz/,pron.,他的(东西)
,,hers,/hɜːrz/,pron.,她的(东西)
,,ours,/ˈaʊərz/,pron.,我们的(东西)
,,theirs,/ðerz/,pron.,他们的(东西)
Lesson 99,Ow! 啊哟！,slip,/slɪp/,v.,滑倒
,,fall,/fɔːl/,v.,落下，跌倒
,,downstairs,/ˌdaʊnˈsterz/,adv.,下楼
,,hurt,/hɜːrt/,v.,伤，伤害，疼痛
,,back,/bæk/,n.,背
,,stand up,/stænd ʌp/,phrase,起立，站起来
,,help,/help/,v.&n.,帮助
,,at once,/æt wʌns/,phrase,立即
,,sure,/ʃʊr/,adj.,一定的，确信的
,,X-ray,/ˈeks reɪ/,n.,X光透视
Lesson 100,He says that... She says that... They say that...,licence,/ˈlaɪsns/,n.,执照
,,sell,/sel/,v.,卖
,,because,/bɪˈkɔːz/,conj.,因为
,,retire,/rɪˈtaɪər/,v.,退休
,,cost,/kɔːst/,v.,花费
,,pound,/paʊnd/,n.,英镑
,,worth,/wɜːrθ/,prep.,值……钱
,,penny,/ˈpeni/,n.,便士
Lesson 101,A card from Jimmy 吉米的明信片,card,/kɑːrd/,n.,明信片
,,Scotland,/ˈskɑːtlənd/,n.,苏格兰
,,youth,/juːθ/,n.,青年
,,hostel,/ˈhɑːstl/,n.,招待所，旅馆
,,association,/əˌsoʊsiˈeɪʃn/,n.,协会
,,soon,/suːn/,adv.,不久
,,write,/raɪt/,v.,写
Lesson 102,He says he... She says she... They say they...,speak,/spiːk/,v.,讲，说
,,understand,/ˌʌndərˈstænd/,v.,懂，明白
,,read,/riːd/,v.,读
,,write,/raɪt/,v.,写
,,sing,/sɪŋ/,v.,唱
,,dance,/dæns/,v.,跳舞
Lesson 103,The French test 法语考试,exam,/ɪɡˈzæm/,n.,考试
,,pass,/pæs/,v.,及格，通过
,,mathematics,/ˌmæθəˈmætɪks/,n.,数学
,,question,/ˈkwestʃən/,n.,问题
,,easy,/ˈiːzi/,adj.,容易的
,,enough,/ɪˈnʌf/,adv.,足够地
,,paper,/ˈpeɪpər/,n.,考卷
,,fail,/feɪl/,v.,未及格，失败
,,answer,/ˈænsər/,v.,回答
,,mark,/mɑːrk/,n.,分数
Lesson 104,Too and enough 太和足够,rest,/rest/,n.,其他的东西
,,difficult,/ˈdɪfɪkəlt/,adj.,困难的
,,too,/tuː/,adv.,太
,,enough,/ɪˈnʌf/,adj.,足够的
,,clever,/ˈklevər/,adj.,聪明的
,,stupid,/ˈstuːpɪd/,adj.,笨的
,,cheap,/tʃiːp/,adj.,便宜的
,,expensive,/ɪkˈspensɪv/,adj.,贵的
,,fresh,/freʃ/,adj.,新鲜的
,,stale,/steɪl/,adj.,变馊的
Lesson 105,Full of mistakes 错误百出,low,/loʊ/,adj.,低的
,,loud,/laʊd/,adj.,大声的
,,high,/haɪ/,adj.,高的
,,hard,/hɑːrd/,adj.,硬的
,,sweet,/swiːt/,adj.,甜的
,,soft,/sɔːft/,adj.,软的
,,sour,/ˈsaʊər/,adj.,酸的
,,correct,/kəˈrekt/,v.,改正，纠正
,,mistake,/mɪˈsteɪk/,n.,错误
,,present,/ˈpreznt/,n.,礼物
Lesson 106,I want you/him/her/them to... 我要你/他/她/他们……,dictionary,/ˈdɪkʃəneri/,n.,词典
,,carry,/ˈkæri/,v.,携带
,,correct,/kəˈrekt/,v.,改正
,,keep,/kiːp/,v.,保存，保留
,,lend,/lend/,v.,借给
,,put,/pʊt/,v.,放
,,send,/send/,v.,送
,,show,/ʃoʊ/,v.,给……看
,,tell,/tel/,v.,告诉
Lesson 107,It's too small. 太小了,madam,/ˈmædəm/,n.,夫人，女士(对妇女的尊称)
,,smart,/smɑːrt/,adj.,漂亮的
,,as well,/æz wel/,phrase,同样
,,suit,/suːt/,v.,适于
,,pretty,/ˈprɪti/,adj.,漂亮的
Lesson 108,How do they compare? 它们比较起来怎么样？,large,/lɑːrdʒ/,adj.,大的
,,small,/smɔːl/,adj.,小的
,,big,/bɪɡ/,adj.,大的
,,little,/ˈlɪtl/,adj.,小的
,,sharp,/ʃɑːrp/,adj.,尖的
,,blunt,/blʌnt/,adj.,钝的
,,light,/laɪt/,adj.,轻的
,,heavy,/ˈhevi/,adj.,重的
,,long,/lɔːŋ/,adj.,长的
,,short,/ʃɔːrt/,adj.,短的
Lesson 109,A good idea 好主意,idea,/aɪˈdɪə/,n.,主意
,,a little,/ə ˈlɪtl/,phrase,少许(用于不可数名词之前)
,,teaspoonful,/ˈtiːspuːnfʊl/,n.,一满茶匙
,,less,/les/,adj.,(little的比较级)较少的，更小的
,,a few,/ə fjuː/,phrase,几个(用于可数名词之前)
,,pity,/ˈpɪti/,n.,遗憾
,,instead,/ɪnˈsted/,adv.,代替
,,advice,/ədˈvaɪs/,n.,建议，忠告
,,most,/moʊst/,adj.,(many,much的最高级)最多的
,,least,/liːst/,adj.,(little的最高级)最小的，最少的
Lesson 110,How do they compare? 它们比较起来怎么样？,best,/best/,adj.,(good的最高级)最好的
,,worse,/wɜːrs/,adj.,(bad的比较级)更坏的
,,worst,/wɜːrst/,adj.,(bad的最高级)最坏的
,,more,/mɔːr/,adj.,(many,much的比较级)更多的
,,fewer,/ˈfjuːər/,adj.,(few的比较级)较少的
,,fewest,/ˈfjuːɪst/,adj.,(few的最高级)最少的
Lesson 111,The most expensive model 最昂贵的型号,model,/ˈmɑːdl/,n.,型号，式样
,,afford,/əˈfɔːrd/,v.,付得起(钱)
,,deposit,/dɪˈpɑːzɪt/,n.,预付定金
,,instalment,/ɪnˈstɔːlmənt/,n.,分期付款
,,price,/praɪs/,n.,价格
,,millionaire,/ˌmɪljəˈner/,n.,百万富翁
Lesson 112,How much does it cost? 多少钱？,expensive,/ɪkˈspensɪv/,adj.,昂贵的
,,cheap,/tʃiːp/,adj.,便宜的
,,the cheapest,/ðə ˈtʃiːpɪst/,phrase,最便宜的
,,the most expensive,/ðə moʊst ɪkˈspensɪv/,phrase,最贵的
,,the best,/ðə best/,phrase,最好的
,,the worst,/ðə wɜːrst/,phrase,最坏的
,,the most interesting,/ðə moʊst ˈɪntrəstɪŋ/,phrase,最有趣的
,,the least interesting,/ðə liːst ˈɪntrəstɪŋ/,phrase,最没意思的
Lesson 113,Small change 零钱,conductor,/kənˈdʌktər/,n.,售票员
,,fare,/fer/,n.,车费，车票钱
,,change,/tʃeɪndʒ/,v.,换(钱)
,,note,/noʊt/,n.,纸币
,,passenger,/ˈpæsɪndʒər/,n.,乘客
,,none,/nʌn/,pron.,没有任何东西
,,neither,/ˈnaɪðər/,adv.,也不
,,get off,/ɡet ɔːf/,phrase,下车
,,tramp,/træmp/,n.,流浪汉
,,except,/ɪkˈsept/,prep.,除……外
Lesson 114,I've got none. 我什么也没有,anyone,/ˈeniwʌn/,pron.,任何人
,,knock,/nɑːk/,v.,敲，打
,,everything,/ˈevriθɪŋ/,pron.,一切事物
,,quiet,/ˈkwaɪət/,adj.,宁静的，安静的
,,impossible,/ɪmˈpɑːsəbl/,adj.,不可能的
,,invite,/ɪnˈvaɪt/,v.,邀请
,,anything,/ˈeniθɪŋ/,pron.,任何东西
,,nothing,/ˈnʌθɪŋ/,pron.,什么也没有
,,lemonade,/ˌleməˈneɪd/,n.,柠檬水
,,joke,/dʒoʊk/,v.,开玩笑
Lesson 115,Knock, knock! 敲敲门,asleep,/əˈsliːp/,adj.,睡觉，睡着
,,glasses,/ˈɡlæsɪz/,n.,眼镜
,,dining room,/ˈdaɪnɪŋ ruːm/,n.,饭厅
,,coin,/kɔɪn/,n.,硬币
,,mouth,/maʊθ/,n.,嘴
,,swallow,/ˈswɑːloʊ/,v.,吞下
,,later,/ˈleɪtər/,adv.,后来
,,toilet,/ˈtɔɪlət/,n.,厕所，盥洗室
,,ring,/rɪŋ/,v.,响
Lesson 116,Every, no, any and some 每一个、没有、任何和一些,knock,/nɑːk/,v.,敲，打
,,everything,/ˈevriθɪŋ/,pron.,一切事物
,,quiet,/ˈkwaɪət/,adj.,宁静的，安静的
,,impossible,/ɪmˈpɑːsəbl/,adj.,不可能的
,,invite,/ɪnˈvaɪt/,v.,邀请
,,anything,/ˈeniθɪŋ/,pron.,任何东西
,,nothing,/ˈnʌθɪŋ/,pron.,什么也没有
,,lemonade,/ˌleməˈneɪd/,n.,柠檬水
,,joke,/dʒoʊk/,v.,开玩笑
Lesson 117,Tommy's breakfast 汤米的早餐,dining room,/ˈdaɪnɪŋ ruːm/,n.,饭厅
,,coin,/kɔɪn/,n.,硬币
,,mouth,/maʊθ/,n.,嘴
,,swallow,/ˈswɑːloʊ/,v.,吞下
,,later,/ˈleɪtər/,adv.,后来
,,toilet,/ˈtɔɪlət/,n.,厕所，盥洗室
,,ring,/rɪŋ/,v.,响
,,when,/wen/,conj.,当……时候
,,while,/waɪl/,conj.,在……期间
,,breakfast,/ˈbrekfəst/,n.,早饭
Lesson 118,What were you doing? 你那时正在做什么？,dinner,/ˈdɪnər/,n.,正餐
,,lunch,/lʌntʃ/,n.,午饭
,,supper,/ˈsʌpər/,n.,晚饭
,,meal,/miːl/,n.,一顿饭
,,drink,/drɪŋk/,v.,喝
,,eat,/iːt/,v.,吃
,,cook,/kʊk/,v.,做饭
,,wash,/wɑːʃ/,v.,洗
,,clean,/kliːn/,v.,打扫
,,read,/riːd/,v.,读
Lesson 119,A true story 一个真实的故事,story,/ˈstɔːri/,n.,故事
,,happen,/ˈhæpən/,v.,发生
,,thief,/θiːf/,n.,贼
,,enter,/ˈentər/,v.,进入
,,dark,/dɑːrk/,adj.,黑暗的
,,torch,/tɔːrtʃ/,n.,手电筒
,,voice,/vɔɪs/,n.,(说话的)声音
,,parrot,/ˈpærət/,n.,鹦鹉
,,exercise book,/ˈeksərsaɪz bʊk/,n.,练习本
,,true,/truː/,adj.,真实的
Lesson 120,It had already happened. 事情已经发生了,basket,/ˈbæskɪt/,n.,篮子
,,food,/fuːd/,n.,食物
,,water,/ˈwɔːtər/,n.,水
,,tea,/tiː/,n.,茶
,,coffee,/ˈkɔːfi/,n.,咖啡
,,beer,/bɪr/,n.,啤酒
,,wine,/waɪn/,n.,葡萄酒
,,chocolate,/ˈtʃɑːklət/,n.,巧克力
,,biscuit,/ˈbɪskɪt/,n.,饼干
,,cake,/keɪk/,n.,蛋糕
Lesson 121,The man in a hat 戴帽子的男士,customer,/ˈkʌstəmər/,n.,顾客
,,forget,/fərˈɡet/,v.,忘记
,,manager,/ˈmænɪdʒər/,n.,经理
,,serve,/sɜːrv/,v.,照应，服务，接待
,,counter,/ˈkaʊntər/,n.,柜台
,,recognize,/ˈrekəɡnaɪz/,v.,认出
,,road,/roʊd/,n.,路
,,during,/ˈdʊrɪŋ/,prep.,在……期间
,,trip,/trɪp/,n.,旅行
,,offer,/ˈɔːfər/,v.,提供
Lesson 122,Who (whom), which and that 关系代词,job,/dʒɑːb/,n.,工作
,,house,/haʊs/,n.,房子
,,car,/kɑːr/,n.,汽车
,,dog,/dɔːɡ/,n.,狗
,,cat,/kæt/,n.,猫
,,man,/mæn/,n.,男人
,,woman,/ˈwʊmən/,n.,女人
,,boy,/bɔɪ/,n.,男孩
,,girl,/ɡɜːrl/,n.,女孩
Lesson 123,A trip to Australia 澳大利亚之行,trip,/trɪp/,n.,旅行
,,offer,/ˈɔːfər/,v.,提供
,,job,/dʒɑːb/,n.,工作
,,guess,/ɡes/,v.,猜
,,grow,/ɡroʊ/,v.,长，让……生长
,,beard,/bɪrd/,n.,(下巴上的)胡子，络腮胡子
,,water,/ˈwɔːtər/,v.,浇水
,,terribly,/ˈterəbli/,adv.,非常
,,dry,/draɪ/,adj.,干燥的，干的
,,nuisance,/ˈnuːsns/,n.,讨厌的东西或人
Lesson 124,Who (whom), which and that 关系代词,mean,/miːn/,v.,意味着，意思是
,,surprise,/sərˈpraɪz/,n.,惊奇，意外的事
,,immediately,/ɪˈmiːdiətli/,adv.,立即
,,famous,/ˈfeɪməs/,adj.,著名的
,,actress,/ˈæktrəs/,n.,女演员
,,at least,/æt liːst/,phrase,至少
,,actor,/ˈæktər/,n.,男演员
,,read,/riːd/,v.,读
,,write,/raɪt/,v.,写
Lesson 125,Tea for two 两个人一起喝茶,water,/ˈwɔːtər/,v.,浇水
,,terribly,/ˈterəbli/,adv.,非常
,,dry,/draɪ/,adj.,干燥的，干的
,,nuisance,/ˈnuːsns/,n.,讨厌的东西或人
,,mean,/miːn/,v.,意味着，意思是
,,surprise,/sərˈpraɪz/,n.,惊奇，意外的事
,,immediately,/ɪˈmiːdiətli/,adv.,立即
,,famous,/ˈfeɪməs/,adj.,著名的
,,actress,/ˈæktrəs/,n.,女演员
,,at least,/æt liːst/,phrase,至少
Lesson 126,Have to and do not need to 不得不和不必,actor,/ˈæktər/,n.,男演员
,,read,/riːd/,v.,读
,,write,/raɪt/,v.,写
,,have to,/hæv tuː/,phrase,不得不
,,need,/niːd/,v.,需要
,,must,/mʌst/,modal verb,必须
,,should,/ʃʊd/,modal verb,应该
,,can,/kæn/,modal verb,能够
,,cannot,/ˈkænɑːt/,modal verb,不能
Lesson 127,A famous actress 著名的女演员,famous,/ˈfeɪməs/,adj.,著名的
,,actress,/ˈæktrəs/,n.,女演员
,,at least,/æt liːst/,phrase,至少
,,actor,/ˈæktər/,n.,男演员
,,read,/riːd/,v.,读
,,write,/raɪt/,v.,写
,,have to,/hæv tuː/,phrase,不得不
,,need,/niːd/,v.,需要
,,must,/mʌst/,modal verb,必须
,,should,/ʃʊd/,modal verb,应该
Lesson 128,He can't be... 他不可能……,can,/kæn/,modal verb,能够
,,cannot,/ˈkænɑːt/,modal verb,不能
,,must,/mʌst/,modal verb,必须
,,be,/biː/,v.,是
,,old,/oʊld/,adj.,老的
,,young,/jʌŋ/,adj.,年轻的
,,tall,/tɔːl/,adj.,高的
,,short,/ʃɔːrt/,adj.,矮的
,,fat,/fæt/,adj.,胖的
,,thin,/θɪn/,adj.,瘦的
Lesson 129,Seventy miles an hour 时速70英里,wave,/weɪv/,v.,招手
,,track,/træk/,n.,跑道
,,mile,/maɪl/,n.,英里
,,overtake,/ˌoʊvərˈteɪk/,v.,从后面超越，超车
,,speed limit,/spiːd ˈlɪmɪt/,phrase,限速
,,dream,/driːm/,v.,做梦，思想不集中
,,sign,/saɪn/,n.,标记，牌子
,,driving licence,/ˈdraɪvɪŋ ˈlaɪsns/,phrase,驾驶执照
,,charge,/tʃɑːrdʒ/,v.,罚款
,,darling,/ˈdɑːrlɪŋ/,n.,亲爱的(用作表示称呼)
Lesson 130,He can't have been... 他那时不可能……,wave,/weɪv/,v.,招手
,,track,/træk/,n.,跑道
,,mile,/maɪl/,n.,英里
,,overtake,/ˌoʊvərˈteɪk/,v.,从后面超越，超车
,,speed limit,/spiːd ˈlɪmɪt/,phrase,限速
,,dream,/driːm/,v.,做梦，思想不集中
,,sign,/saɪn/,n.,标记，牌子
,,driving licence,/ˈdraɪvɪŋ ˈlaɪsns/,phrase,驾驶执照
,,charge,/tʃɑːrdʒ/,v.,罚款
,,darling,/ˈdɑːrlɪŋ/,n.,亲爱的(用作表示称呼)
Lesson 131,Don't be so sure! 别那么肯定！,Egypt,/ˈiːdʒɪpt/,n.,埃及
,,abroad,/əˈbrɔːd/,adv.,国外
,,worry,/ˈwɜːri/,v.,担忧
,,go abroad,/ɡoʊ əˈbrɔːd/,phrase,出国
,,make up one's mind,/meɪk ʌp wʌnz maɪnd/,phrase,打定主意
,,look after,/lʊk ˈæftər/,phrase,照看，照料
,,Italy,/ˈɪtəli/,n.,意大利
,,Greece,/ɡriːs/,n.,希腊
,,France,/fræns/,n.,法国
,,Spain,/speɪn/,n.,西班牙
Lesson 132,He may be... 他可能是……,may,/meɪ/,modal verb,可能
,,might,/maɪt/,modal verb,可能
,,be,/biː/,v.,是
,,old,/oʊld/,adj.,老的
,,young,/jʌŋ/,adj.,年轻的
,,tall,/tɔːl/,adj.,高的
,,short,/ʃɔːrt/,adj.,矮的
,,fat,/fæt/,adj.,胖的
,,thin,/θɪn/,adj.,瘦的
Lesson 133,Sensational news! 爆炸性新闻！,reporter,/rɪˈpɔːrtər/,n.,记者
,,sensational,/senˈseɪʃənl/,adj.,爆炸性的，耸人听闻的
,,mink coat,/mɪŋk koʊt/,phrase,貂皮大衣
,,future,/ˈfjuːtʃər/,n.,未来的
,,get married,/ɡet ˈmærid/,phrase,结婚
,,hotel,/hoʊˈtel/,n.,饭店
,,latest,/ˈleɪtɪst/,adj.,最新的
,,introduce,/ˌɪntrəˈduːs/,v.,介绍
,,football,/ˈfʊtbɔːl/,n.,足球
,,pool,/puːl/,n.,赌注
Lesson 134,He may have been... 他那时可能是……,win,/wɪn/,v.,赢
,,world,/wɜːrld/,n.,世界
,,poor,/pʊr/,adj.,贫穷的
,,depend,/dɪˈpend/,v.,依靠
,,extra,/ˈekstrə/,adj.,额外的
,,engineer,/ˌendʒɪˈnɪr/,n.,工程师
,,overseas,/ˌoʊvərˈsiːz/,adj.,海外的，国外的
,,engineering,/ˌendʒɪˈnɪrɪŋ/,n.,工程
,,company,/ˈkʌmpəni/,n.,公司
,,line,/laɪn/,n.,线路
Lesson 135,The latest report 最新消息,exciting,/ɪkˈsaɪtɪŋ/,adj.,令人兴奋的
,,get married,/ɡet ˈmærid/,phrase,结婚
,,retire,/rɪˈtaɪər/,v.,退休
,,celebrate,/ˈselɪbreɪt/,v.,庆祝
,,new,/nuː/,adj.,新的
,,neighbour,/ˈneɪbər/,n.,邻居
,,move,/muːv/,v.,搬家
,,miss,/mɪs/,v.,想念
,,person,/ˈpɜːrsn/,n.,人
,,people,/ˈpiːpl/,n.,人们
Lesson 136,If... 如果……,if,/ɪf/,conj.,如果
,,will,/wɪl/,modal verb,将要
,,go,/ɡoʊ/,v.,去
,,come,/kʌm/,v.,来
,,stay,/steɪ/,v.,停留
,,leave,/liːv/,v.,离开
,,arrive,/əˈraɪv/,v.,到达
,,see,/siː/,v.,看见
,,hear,/hɪr/,v.,听见
,,know,/noʊ/,v.,知道
Lesson 137,A pleasant dream 美好的梦,football,/ˈfʊtbɔːl/,n.,足球
,,pool,/puːl/,n.,赌注
,,win,/wɪn/,v.,赢
,,world,/wɜːrld/,n.,世界
,,poor,/pʊr/,adj.,贫穷的
,,depend,/dɪˈpend/,v.,依靠
,,extra,/ˈekstrə/,adj.,额外的
,,engineer,/ˌendʒɪˈnɪr/,n.,工程师
,,overseas,/ˌoʊvərˈsiːz/,adj.,海外的，国外的
,,engineering,/ˌendʒɪˈnɪrɪŋ/,n.,工程
Lesson 138,If... 如果……,company,/ˈkʌmpəni/,n.,公司
,,line,/laɪn/,n.,线路
,,exciting,/ɪkˈsaɪtɪŋ/,adj.,令人兴奋的
,,get married,/ɡet ˈmærid/,phrase,结婚
,,retire,/rɪˈtaɪər/,v.,退休
,,celebrate,/ˈselɪbreɪt/,v.,庆祝
,,new,/nuː/,adj.,新的
,,neighbour,/ˈneɪbər/,n.,邻居
,,move,/muːv/,v.,搬家
,,miss,/mɪs/,v.,想念
Lesson 139,Is that all? 就这些吗？,person,/ˈpɜːrsn/,n.,人
,,people,/ˈpiːpl/,n.,人们
,,if,/ɪf/,conj.,如果
,,will,/wɪl/,modal verb,将要
,,go,/ɡoʊ/,v.,去
,,come,/kʌm/,v.,来
,,stay,/steɪ/,v.,停留
,,leave,/liːv/,v.,离开
,,arrive,/əˈraɪv/,v.,到达
,,see,/siː/,v.,看见
Lesson 140,He wants to know if/why/what/when 他想知道是否/为什么/什么/何时,hear,/hɪr/,v.,听见
,,know,/noʊ/,v.,知道
,,want,/wɑːnt/,v.,想要
,,hope,/hoʊp/,v.,希望
,,think,/θɪŋk/,v.,认为
,,believe,/bɪˈliːv/,v.,相信
,,say,/seɪ/,v.,说
,,tell,/tel/,v.,告诉
,,ask,/æsk/,v.,问
,,understand,/ˌʌndərˈstænd/,v.,明白
Lesson 141,Sally's first train ride 萨莉第一次乘火车旅行,ride,/raɪd/,n.,旅行
,,excited,/ɪkˈsaɪtɪd/,adj.,兴奋的
,,get on,/ɡet ɑːn/,phrase,登上
,,middle-aged,/ˌmɪdl eɪdʒd/,adj.,中年的
,,opposite,/ˈɑːpəzɪt/,prep.,在……对面
,,curiously,/ˈkjʊriəsli/,adv.,好奇地
,,funny,/ˈfʌni/,adj.,可笑的，滑稽的
,,powder,/ˈpaʊdər/,n.,香粉
,,compact,/ˈkɑːmpækt/,n.,带镜的化妆盒
,,kindly,/ˈkaɪndli/,adv.,和蔼地
Lesson 142,Someone invited Sally to a party 有人邀请萨莉参加一个聚会,ugly,/ˈʌɡli/,adj.,丑陋的
,,amused,/əˈmjuːzd/,adj.,有趣的
,,smile,/smaɪl/,v.,微笑
,,embarrassed,/ɪmˈbærəst/,adj.,尴尬的，窘迫的
,,worried,/ˈwɜːrid/,adj.,担心，担忧
,,regularly,/ˈreɡjələrli/,adv.,经常地，定期地
,,surround,/səˈraʊnd/,v.,包围
,,town,/taʊn/,n.,城镇
,,crowd,/kraʊd/,n.,人群
,,watch,/wɑːtʃ/,v.,观看
Lesson 143,A walk through the woods 林中散步,through,/θruː/,prep.,穿过
,,wood,/wʊd/,n.,树林
,,beauty spot,/ˈbjuːti spɑːt/,phrase,风景点
,,hundred,/ˈhʌndrəd/,num.,百
,,city,/ˈsɪti/,n.,城市
,,visitor,/ˈvɪzɪtər/,n.,参观者，游客，来访者
,,tidy,/ˈtaɪdi/,adj.,整齐的
,,litter,/ˈlɪtər/,n.,杂乱的东西
,,litter basket,/ˈlɪtər ˈbæskɪt/,phrase,废物筐
Lesson 144,He hasn't been served yet. 还没有人来招待他,place,/pleɪs/,v.,放
,,throw,/θroʊ/,v.,扔，抛
,,rubbish,/ˈrʌbɪʃ/,n.,垃圾
,,count,/kaʊnt/,v.,数，点
,,cover,/ˈkʌvər/,v.,覆盖
,,piece,/piːs/,n.,碎片
,,tyre,/ˈtaɪər/,n.,轮胎
,,rusty,/ˈrʌsti/,adj.,生锈的
,,among,/əˈmʌŋ/,prep.,在……之间
,,prosecute,/ˈprɑːsɪkjuːt/,v.,依法处置